{"cameraMode":{"drawMode":0,"name":"Shaded","section":"Shading Mode"},"sceneLighting":false,"audioPlay":false,"sceneViewState":{"showFog":true,"showMaterialUpdate":false,"showSkybox":true,"showFlares":true,"showImageEffects":true,"showParticleSystems":true},"in2DMode":false,"pivot":{"x":-0.4595832824707031,"y":5.222147464752197,"z":-3.339803695678711},"rotation":{"x":-0.138706237077713,"y":0.8260213732719421,"z":-0.23155473172664643,"w":-0.49480485916137698},"size":5.849146842956543,"orthographic":false}