{"cameraMode":{"drawMode":0,"name":"Shaded","section":"Shading Mode"},"sceneLighting":true,"audioPlay":false,"sceneViewState":{"showFog":true,"showMaterialUpdate":false,"showSkybox":true,"showFlares":true,"showImageEffects":true,"showParticleSystems":true},"in2DMode":false,"pivot":{"x":0.0,"y":0.595233678817749,"z":9.049851417541504},"rotation":{"x":-0.04527093470096588,"y":0.9483072757720947,"z":-0.15820878744125367,"w":-0.27135562896728518},"size":93.89775085449219,"orthographic":false}