{"cameraMode":{"drawMode":0,"name":"Shaded","section":"Shading Mode"},"sceneLighting":false,"audioPlay":false,"sceneViewState":{"showFog":true,"showMaterialUpdate":false,"showSkybox":true,"showFlares":true,"showImageEffects":true,"showParticleSystems":true},"in2DMode":false,"pivot":{"x":-32.70271301269531,"y":-15.717721939086914,"z":-7.704948902130127},"rotation":{"x":-0.18362532556056977,"y":0.7247599363327026,"z":-0.21140144765377046,"w":-0.6295349597930908},"size":41.64022445678711,"orthographic":false}