{"cameraMode":{"drawMode":0,"name":"Shaded","section":"Shading Mode"},"sceneLighting":false,"audioPlay":false,"sceneViewState":{"showFog":true,"showMaterialUpdate":false,"showSkybox":true,"showFlares":true,"showImageEffects":true,"showParticleSystems":true},"in2DMode":false,"pivot":{"x":-4.788007736206055,"y":9.89784049987793,"z":4.048915863037109},"rotation":{"x":-0.10991650819778443,"y":0.8868541121482849,"z":-0.2746376693248749,"w":-0.3549399673938751},"size":41.64022445678711,"orthographic":false}